{"_runtime":49,"train_accuracy":0.949999988079071,"_timestamp":1.781196969322774e+09,"_step":1200,"train_loss":0.1720072627067566,"training_statistics":{"sha256":"6e999884d605c0a700ffa0bfcbca7fafe4d6060e242bed31d3b99b00d0bc3465","size":60302,"path":"media/images/training_statistics_1200_6e999884d605c0a700ff.png","format":"png","width":1500,"height":500,"_type":"image-file"},"_wandb":{"runtime":49}}