{"_runtime":14,"_step":268,"train_loss":0.3368404507637024,"train_accuracy":0.9100000262260437,"_timestamp":1.7816268108273668e+09,"_wandb":{"runtime":14}}