{"_runtime":143,"_step":3599,"train_loss":0.04271421581506729,"train_accuracy":0.9800000190734863,"_timestamp":1.7811964237558951e+09,"_wandb":{"runtime":143}}