{"train_accuracy":0.949999988079071,"_timestamp":1.7811959736384032e+09,"_step":3599,"_wandb":{"runtime":144},"_runtime":144,"train_loss":0.07579714804887772}