{"_wandb":{"runtime":48},"_runtime":48,"train_loss":0.09477679431438446,"train_accuracy":0.9900000095367432,"_timestamp":1.7811968201593852e+09,"_step":1199}